Name,PA,BB%,K%,AVG,OBP,SLG,OPS,BABIP,wRC+
A.J. Pollock,471.000,6.800,11.000,0.318,0.369,0.411,0.780,0.353,105.000
A.J. Reed,556.000,12.900,26.300,0.261,0.358,0.525,0.883,0.299,124.000
Aaron Bates,461.733,12.221,22.755,0.275,0.370,0.401,0.771,0.348,114.695
Aaron Cunningham,486.000,10.300,17.300,0.247,0.337,0.401,0.738,0.284,96.000
Aaron Herr,555.000,7.000,25.900,0.274,0.328,0.467,0.795,0.344,116.000
Aaron Judge,410.000,11.500,23.900,0.270,0.366,0.489,0.854,0.319,147.000
Aaron Mathews,567.000,6.500,8.600,0.274,0.321,0.380,0.702,0.287,85.000
Abraham Almonte,396.000,12.400,16.700,0.314,0.403,0.491,0.894,0.363,138.000
Adam Brett Walker,531.000,8.300,38.000,0.243,0.305,0.479,0.784,0.348,121.000
Adam Duvall,479.056,6.501,20.974,0.278,0.332,0.548,0.880,0.297,127.799
Adam Eaton,562.000,9.400,12.100,0.381,0.456,0.539,0.995,0.432,163.000
Adam Heether,461.696,13.355,18.753,0.282,0.391,0.473,0.865,0.329,126.712
Adam Jones,444.087,7.230,20.814,0.301,0.365,0.538,0.902,0.347,131.308
Adam Loewen,585.000,10.400,23.200,0.306,0.377,0.508,0.884,0.384,118.000
Adam Pavkovich,470.188,7.041,18.791,0.262,0.317,0.429,0.746,0.300,88.902
Adam Rosales,473.000,4.700,17.300,0.287,0.339,0.463,0.802,0.329,117.000
Adam Stern,421.000,5.500,18.500,0.258,0.300,0.388,0.688,0.303,90.000
Adeiny Hechavarria,490.000,7.800,17.600,0.312,0.363,0.424,0.788,0.371,106.000
Adrian Cardenas,545.000,8.600,10.300,0.314,0.374,0.418,0.791,0.344,100.000
Adron Chambers,442.506,10.901,18.680,0.283,0.371,0.403,0.774,0.341,102.629
Alberto Callaspo,554.000,10.100,4.900,0.337,0.404,0.478,0.882,0.343,135.000
Alberto Gonzalez,426.000,5.600,11.500,0.247,0.300,0.362,0.662,0.279,78.000
Alcides Escobar,487.000,6.600,13.300,0.298,0.353,0.409,0.762,0.343,102.000
Alejandro De Aza,435.000,7.600,16.600,0.322,0.378,0.494,0.871,0.373,139.000
Alejandro Machado,438.000,11.900,11.600,0.260,0.356,0.346,0.702,0.290,102.000
Alen Hanson,504.791,6.858,16.773,0.264,0.315,0.388,0.704,0.309,101.475
Alex Castellanos,419.263,9.883,23.974,0.286,0.372,0.498,0.870,0.355,126.010
Alex Dickerson,519.000,8.700,18.500,0.307,0.374,0.503,0.877,0.360,132.000
Alex Hassan,474.000,12.700,23.000,0.287,0.378,0.426,0.804,0.369,125.000
Alex Liddi,562.779,8.384,28.629,0.253,0.318,0.460,0.779,0.322,95.065
Alex Presley,391.000,10.200,14.300,0.298,0.376,0.427,0.803,0.343,127.000
Alex Romero,584.000,6.300,9.100,0.310,0.354,0.421,0.775,0.335,99.000
Alex Verdugo,495.000,10.500,10.100,0.314,0.389,0.436,0.825,0.340,118.000
Alex Yarbrough,545.000,4.800,25.000,0.236,0.274,0.324,0.598,0.313,56.000
Alexi Amarista,396.000,5.600,14.100,0.292,0.337,0.419,0.755,0.333,86.000
Allan Dykstra,439.000,19.100,22.100,0.280,0.426,0.504,0.930,0.340,145.000
Allen Craig,521.000,7.100,18.200,0.322,0.374,0.547,0.921,0.353,140.000
Amed Rosario,425.000,5.400,15.800,0.328,0.367,0.466,0.833,0.377,116.000
Anderson Hernandez,528.820,5.760,15.801,0.253,0.298,0.338,0.636,0.296,64.666
Andrew Aplin,447.000,9.400,21.900,0.223,0.300,0.318,0.619,0.284,67.000
Andrew Brown,433.058,10.723,23.640,0.296,0.373,0.550,0.922,0.345,128.621
Andrew Knapp,443.000,8.400,24.200,0.266,0.330,0.390,0.719,0.343,107.000
Andrew McCutchen,590.000,11.500,14.700,0.283,0.372,0.398,0.770,0.325,115.000
Andrew Romine,427.283,10.300,18.146,0.284,0.365,0.368,0.733,0.348,93.255
Andy Burns,493.216,7.246,15.414,0.264,0.320,0.363,0.683,0.304,97.653
Andy Cannizaro,487.000,10.500,12.100,0.276,0.367,0.380,0.746,0.314,114.000
Andy Gonzalez,434.942,10.886,18.053,0.265,0.353,0.371,0.724,0.317,102.536
Andy Marte,394.000,8.600,20.600,0.261,0.322,0.451,0.773,0.295,115.000
Andy Parrino,420.000,10.200,24.300,0.210,0.300,0.302,0.602,0.278,62.000
Andy Wilkins,513.499,7.902,18.023,0.273,0.327,0.504,0.831,0.289,120.686
Angel Chavez,476.972,5.043,12.716,0.279,0.318,0.397,0.715,0.307,89.727
Angel Sanchez,506.000,7.700,13.200,0.305,0.363,0.428,0.791,0.345,110.000
Angelys Nina,434.860,5.191,12.680,0.290,0.327,0.399,0.725,0.322,89.629
Anthony Gose,465.622,9.381,23.890,0.263,0.342,0.379,0.721,0.351,95.884
Anthony Recker,412.000,13.600,19.700,0.287,0.388,0.501,0.889,0.328,120.000
Anthony Rizzo,413.000,10.400,21.500,0.331,0.404,0.652,1.056,0.369,152.000
Argenis Diaz,463.022,8.903,19.137,0.265,0.332,0.343,0.675,0.334,89.725
Argenis Reyes,416.000,7.000,11.100,0.282,0.336,0.377,0.713,0.314,97.000
Arismendy Alcantara,468.337,6.861,26.122,0.252,0.304,0.426,0.729,0.325,90.544
Asdrubal Cabrera,444.000,7.200,20.300,0.249,0.310,0.349,0.658,0.306,77.000
Audy Ciriaco,413.000,7.300,20.100,0.255,0.312,0.458,0.771,0.287,109.000
Austin Barnes,385.000,11.200,13.800,0.295,0.380,0.443,0.824,0.335,123.000
Austin Jackson,557.000,7.200,22.100,0.300,0.354,0.405,0.759,0.384,111.000
Austin Nola,407.000,5.900,13.800,0.261,0.308,0.376,0.685,0.293,81.000
Austin Wates,452.000,11.500,14.800,0.286,0.374,0.367,0.741,0.341,99.000
Balbino Fuenmayor,381.000,4.500,20.200,0.291,0.325,0.405,0.730,0.353,93.000
Ben Copeland,419.000,13.600,16.000,0.280,0.378,0.404,0.782,0.333,103.000
Ben Francisco,513.811,8.096,13.712,0.295,0.361,0.472,0.832,0.321,131.620
Ben Gamel,542.149,8.202,18.617,0.304,0.361,0.446,0.808,0.367,132.100
Ben Guez,480.675,10.283,27.589,0.236,0.335,0.424,0.758,0.304,112.781
Ben Paulsen,499.513,9.539,24.704,0.293,0.361,0.528,0.889,0.364,128.477
Bernie Castro,481.000,7.700,13.300,0.280,0.335,0.362,0.698,0.323,93.000
Billy Burns,414.000,10.600,14.500,0.285,0.369,0.328,0.696,0.341,89.000
Billy Hamilton,547.000,6.900,18.600,0.256,0.308,0.343,0.651,0.310,82.000
Blake DeWitt,407.000,11.800,10.800,0.256,0.349,0.426,0.775,0.273,105.000
Brad Coon,468.357,11.857,13.838,0.289,0.385,0.364,0.749,0.335,103.624
Brad Eldred,469.000,6.000,30.700,0.244,0.305,0.546,0.851,0.275,123.000
Brad Nelson,496.462,11.170,17.119,0.270,0.352,0.466,0.818,0.295,107.457
Brad Snyder,446.000,6.100,27.600,0.246,0.297,0.426,0.722,0.319,92.000
Brandon Allen,459.022,14.897,20.649,0.275,0.387,0.526,0.913,0.310,131.060
Brandon Boggs,419.504,15.639,22.817,0.280,0.394,0.436,0.829,0.359,119.916
Brandon Dixon,491.000,7.500,25.500,0.264,0.327,0.457,0.783,0.328,116.000
Brandon Guyer,424.851,7.566,16.606,0.307,0.379,0.491,0.870,0.353,142.314
Brandon Hicks,407.000,10.100,33.700,0.252,0.333,0.446,0.779,0.354,115.000
Brandon Jones,420.816,11.442,18.144,0.271,0.352,0.412,0.764,0.319,110.336
Brandon Laird,515.465,5.557,17.994,0.272,0.317,0.443,0.761,0.305,104.474
Brandon Moss,541.427,10.205,24.245,0.274,0.353,0.483,0.836,0.338,127.320
Brandon Nimmo,444.000,10.400,16.400,0.352,0.423,0.541,0.964,0.411,159.000
Brandon Snyder,494.000,6.500,18.400,0.261,0.312,0.406,0.718,0.293,95.000
Brandon Watson,508.763,5.068,8.822,0.299,0.336,0.380,0.716,0.321,94.475
Brandon Wood,451.651,8.528,22.243,0.280,0.345,0.514,0.859,0.320,116.596
Brendan Harris,422.000,9.500,20.100,0.300,0.381,0.463,0.844,0.364,130.000
Brendan Katin,456.602,8.211,28.378,0.262,0.339,0.534,0.873,0.318,121.175
Brennan King,459.965,6.516,15.901,0.270,0.321,0.410,0.731,0.301,100.168
Brent Clevlen,535.538,8.959,28.469,0.272,0.343,0.469,0.811,0.362,121.076
Brent Dlugach,501.044,6.388,28.579,0.277,0.327,0.404,0.731,0.382,99.659
Brent Lillibridge,403.000,8.200,22.300,0.220,0.294,0.344,0.638,0.279,73.000
Brent Morel,452.000,10.600,23.000,0.266,0.349,0.403,0.751,0.344,112.000
Brett Eibner,431.000,8.800,18.300,0.303,0.364,0.514,0.878,0.338,131.000
Brett Gardner,426.000,16.400,17.800,0.296,0.414,0.422,0.837,0.370,134.000
Brett Harper,423.000,6.100,11.300,0.292,0.333,0.508,0.841,0.289,115.000
Brett Jackson,467.000,10.100,33.800,0.256,0.338,0.479,0.817,0.372,107.000
Brett Nicholas,459.836,6.697,20.265,0.277,0.329,0.419,0.748,0.328,95.942
Brett Phillips,432.000,10.400,29.900,0.305,0.377,0.567,0.944,0.412,139.000
Brett Pill,571.535,4.796,10.442,0.294,0.330,0.482,0.812,0.294,99.079
Brett Wallace,468.773,7.185,21.250,0.293,0.354,0.462,0.816,0.346,115.804
Breyvic Valera,470.000,8.100,7.200,0.314,0.368,0.450,0.819,0.324,113.000
Brian Barden,478.238,8.356,16.496,0.284,0.352,0.420,0.772,0.326,101.137
Brian Barton,458.000,10.700,24.000,0.254,0.344,0.370,0.715,0.332,101.000
Brian Bixler,480.577,8.400,24.083,0.278,0.354,0.408,0.762,0.368,111.578
Brian Bocock,439.000,11.200,20.000,0.226,0.313,0.303,0.615,0.280,67.000
Brian Bogusevic,578.016,10.393,19.554,0.274,0.353,0.389,0.742,0.335,95.964
Brian Dinkelman,560.948,8.706,17.170,0.255,0.327,0.353,0.680,0.303,85.002
Brian Goodwin,492.000,9.300,21.500,0.280,0.349,0.438,0.787,0.336,127.000
Brock Bond,445.798,12.973,11.780,0.306,0.408,0.384,0.792,0.352,115.166
Brock Peterson,502.000,10.200,26.100,0.245,0.333,0.437,0.770,0.302,108.000
Brock Stassi,442.000,13.600,17.200,0.267,0.369,0.437,0.806,0.302,134.000
Bronson Sardinha,439.000,10.500,17.500,0.222,0.306,0.387,0.693,0.248,89.000
Brooks Conrad,602.015,9.703,23.153,0.242,0.319,0.477,0.796,0.282,100.895
Bryan Anderson,392.000,9.200,22.700,0.225,0.302,0.317,0.619,0.281,62.000
Bryan LaHair,536.901,9.104,21.078,0.289,0.355,0.500,0.855,0.337,117.793
Bryan Petersen,579.000,11.200,20.200,0.275,0.363,0.407,0.770,0.342,108.000
Bubba Bell,401.000,10.200,15.500,0.293,0.366,0.399,0.765,0.339,109.000
Buck Coats,518.360,8.023,15.432,0.295,0.353,0.410,0.763,0.339,102.646
Caleb Gindl,487.474,9.821,19.343,0.269,0.342,0.422,0.764,0.317,94.284
Caleb Ramsey,468.000,7.700,18.200,0.265,0.320,0.361,0.681,0.321,95.000
Callix Crabbe,541.000,12.400,12.900,0.287,0.377,0.435,0.813,0.318,111.000
Cameron Perkins,433.000,4.800,13.600,0.292,0.329,0.419,0.748,0.325,114.000
Carlos Asuaje,597.000,8.200,13.700,0.321,0.378,0.473,0.851,0.363,128.000
Carlos Maldonado,384.000,9.400,17.400,0.283,0.354,0.390,0.743,0.333,109.000
Carlos Moncrief,530.000,7.200,24.500,0.271,0.328,0.431,0.759,0.347,106.000
Carlos Peguero,465.600,9.432,31.851,0.263,0.334,0.507,0.840,0.342,113.680
Carlos Quentin,396.000,11.400,11.600,0.289,0.424,0.487,0.912,0.313,147.000
Carlos Rivero,493.541,6.352,18.838,0.279,0.323,0.395,0.719,0.328,96.191
Carlos Ruiz,423.000,9.900,13.200,0.307,0.389,0.505,0.894,0.324,150.000
Carlos Sanchez,486.616,6.709,16.458,0.267,0.321,0.355,0.676,0.317,87.862
Carlos Triunfel,459.744,3.177,17.420,0.272,0.311,0.392,0.703,0.320,87.049
Carter Jurica,404.000,9.400,20.800,0.249,0.328,0.318,0.647,0.319,75.000
Casey Gillaspie,515.000,9.700,19.400,0.223,0.297,0.373,0.670,0.249,85.000
Casey McGehee,548.007,7.400,14.506,0.288,0.341,0.418,0.758,0.319,96.000
Casey Rogowski,508.850,10.897,20.846,0.264,0.349,0.427,0.775,0.317,109.894
Casey Smith,434.000,4.800,13.100,0.280,0.319,0.398,0.717,0.315,87.000
Casper Wells,430.000,7.900,25.800,0.233,0.309,0.483,0.793,0.271,111.000
Cedric Hunter,469.222,8.422,11.844,0.276,0.342,0.400,0.741,0.298,105.333
Cesar Crespo,488.000,11.300,17.400,0.239,0.326,0.319,0.646,0.287,84.000
Cesar Hernandez,440.000,9.300,18.400,0.309,0.375,0.402,0.776,0.384,121.000
Chad Huffman,494.866,11.190,20.651,0.262,0.355,0.433,0.789,0.311,114.379
Chad Pinder,465.000,5.400,23.200,0.258,0.310,0.425,0.735,0.312,93.000
Chad Tracy,554.916,8.059,19.654,0.264,0.332,0.456,0.788,0.298,95.642
Chance Sisco,388.000,8.200,25.500,0.267,0.340,0.395,0.736,0.351,107.000
Charles Thomas,434.000,8.800,17.700,0.274,0.350,0.376,0.726,0.323,96.000
Charlie Culberson,467.772,4.100,18.138,0.284,0.316,0.467,0.784,0.324,99.532
Charlie Tilson,395.000,8.400,12.900,0.282,0.345,0.407,0.753,0.317,102.000
Charlton Jimerson,501.000,4.600,36.500,0.247,0.287,0.445,0.732,0.363,86.000
Chase d'Arnaud,421.572,7.861,20.764,0.251,0.319,0.370,0.690,0.315,91.598
Che-Hsuan Lin,439.082,11.619,13.762,0.241,0.339,0.313,0.651,0.279,83.466
Cheslor Cuthbert,438.000,8.400,13.700,0.277,0.339,0.421,0.759,0.302,103.000
Chesny Young,475.000,6.900,14.700,0.256,0.311,0.311,0.622,0.299,63.000
Chin-lung Hu,544.000,4.600,9.900,0.294,0.332,0.393,0.725,0.318,92.000
Chip Ambres,504.000,14.100,21.200,0.274,0.379,0.475,0.854,0.318,120.000
Choo Freeman,459.000,11.100,20.000,0.270,0.355,0.395,0.750,0.329,93.000
Chris Barnwell,440.000,8.600,13.600,0.300,0.375,0.389,0.764,0.344,107.000
Chris Basak,417.000,9.400,18.200,0.267,0.345,0.407,0.752,0.317,113.000
Chris Carter,554.536,10.472,15.569,0.294,0.371,0.500,0.871,0.316,128.467
Chris Davis,445.000,8.300,23.600,0.327,0.383,0.520,0.903,0.407,129.000
Chris Dickerson,415.002,12.749,28.058,0.273,0.372,0.457,0.829,0.373,127.480
Chris Dominguez,512.969,4.394,24.870,0.284,0.320,0.462,0.782,0.349,99.788
Chris Frey,451.000,4.900,11.800,0.290,0.323,0.394,0.717,0.323,79.000
Chris Getz,457.000,9.000,11.600,0.302,0.366,0.448,0.814,0.322,123.000
Chris Johnson,412.000,5.100,21.800,0.281,0.323,0.461,0.784,0.335,103.000
Chris Lubanski,420.771,9.322,26.685,0.266,0.332,0.491,0.823,0.333,104.143
Chris Marrero,517.242,9.098,16.175,0.286,0.351,0.451,0.803,0.316,125.166
Chris McGuiness,464.018,14.173,17.057,0.256,0.363,0.417,0.780,0.295,113.529
Chris Owings,575.000,3.800,17.200,0.330,0.359,0.482,0.841,0.386,121.000
Chris Pettit,415.000,7.500,14.900,0.321,0.383,0.482,0.865,0.365,130.000
Chris Roberson,509.000,6.100,11.200,0.266,0.313,0.350,0.663,0.292,81.000
Chris Shelton,594.000,14.000,23.700,0.269,0.381,0.420,0.801,0.347,124.000
Chris Taylor,396.000,12.600,15.400,0.300,0.391,0.429,0.820,0.355,124.000
Chris Valaika,436.775,4.274,16.326,0.268,0.303,0.370,0.673,0.307,81.081
Chris Young,466.000,11.200,15.200,0.276,0.363,0.532,0.896,0.286,132.000
Christian Colon,501.008,7.341,8.935,0.288,0.347,0.401,0.748,0.300,98.041
Christian Colonel,455.790,8.031,13.510,0.294,0.354,0.433,0.787,0.324,104.689
Christian Lopes,384.000,11.200,13.500,0.261,0.349,0.402,0.751,0.290,111.000
Christian Villanueva,482.516,8.127,16.927,0.276,0.339,0.480,0.819,0.298,111.574
Christian Walker,579.281,8.632,21.794,0.277,0.343,0.487,0.830,0.322,126.571
Christopher Bostick,549.000,8.200,17.700,0.294,0.362,0.418,0.779,0.353,119.000
Chun-Hsiu Chen,395.000,9.400,26.600,0.223,0.302,0.349,0.651,0.289,82.000
Cito Culver,389.000,8.000,28.300,0.223,0.282,0.398,0.681,0.283,85.000
Clay Timpner,451.314,7.578,13.253,0.265,0.324,0.363,0.687,0.298,78.008
Clete Thomas,406.000,7.900,32.000,0.251,0.314,0.401,0.715,0.352,96.000
Cliff Pennington,417.000,10.800,12.900,0.264,0.345,0.367,0.712,0.300,91.000
Clint Robinson,571.002,11.997,13.404,0.309,0.396,0.493,0.889,0.336,126.007
Cody Asche,446.000,7.800,21.300,0.295,0.352,0.485,0.837,0.349,133.000
Cody Decker,510.000,10.000,29.400,0.261,0.337,0.514,0.852,0.324,116.000
Cody Overbeck,491.684,6.819,25.738,0.252,0.307,0.429,0.736,0.311,102.394
Colby Rasmus,387.000,12.700,18.600,0.251,0.346,0.396,0.742,0.287,89.000
Cole Figueroa,533.000,10.100,5.600,0.286,0.361,0.367,0.727,0.296,107.000
Cole Garner,469.000,8.300,19.000,0.304,0.374,0.520,0.894,0.360,127.000
Cole Gillespie,523.979,13.509,17.293,0.285,0.388,0.469,0.858,0.328,120.396
Colin Moran,511.000,9.200,24.300,0.259,0.329,0.368,0.697,0.332,88.000
Collin Cowgill,456.000,11.200,13.800,0.354,0.430,0.554,0.984,0.397,148.000
Conor Gillaspie,484.746,11.034,13.730,0.289,0.368,0.447,0.815,0.316,107.236
Cord Phelps,485.898,12.276,17.146,0.277,0.368,0.446,0.814,0.317,127.051
Corey Brown,489.824,10.021,27.845,0.260,0.341,0.469,0.810,0.334,123.409
Corey Seager,464.000,6.900,14.000,0.278,0.332,0.451,0.783,0.298,106.000
Corey Wimberly,623.000,9.300,10.300,0.284,0.373,0.354,0.727,0.318,95.000
Craig Brazell,455.000,4.400,18.200,0.307,0.337,0.605,0.942,0.317,133.000
Craig Cooper,398.000,8.800,19.800,0.248,0.317,0.393,0.709,0.293,81.000
Craig Stansberry,516.249,11.212,16.226,0.271,0.357,0.423,0.780,0.310,103.463
Cristhian Adames,511.000,7.000,11.000,0.311,0.362,0.438,0.800,0.334,114.000
Curtis Thigpen,395.000,5.300,14.700,0.222,0.267,0.310,0.577,0.252,54.000
D.J. Peterson,518.000,8.100,18.500,0.252,0.315,0.404,0.719,0.283,88.000
Dallas McPherson,530.000,14.300,31.700,0.275,0.379,0.618,0.998,0.335,144.000
Daniel Castro,430.000,5.600,10.000,0.306,0.344,0.397,0.741,0.333,91.000
Daniel Descalso,531.000,8.900,9.000,0.282,0.350,0.421,0.771,0.295,99.000
Daniel Fields,526.000,12.500,27.800,0.228,0.335,0.367,0.701,0.320,106.000
Daniel Robertson,543.987,10.206,13.597,0.283,0.367,0.377,0.743,0.327,105.550
Daniel Vogelbach,552.219,15.632,17.998,0.291,0.403,0.480,0.884,0.330,134.749
Danny Dorn,452.294,8.642,23.698,0.257,0.329,0.443,0.771,0.310,111.716
Danny Garcia,451.000,7.800,14.600,0.242,0.327,0.339,0.666,0.281,89.000
Danny Hayes,515.000,13.000,27.600,0.228,0.327,0.415,0.742,0.285,106.000
Danny Muno,435.000,13.800,18.900,0.259,0.372,0.418,0.790,0.296,110.000
Danny Ortiz,481.598,5.359,19.221,0.251,0.291,0.433,0.724,0.278,100.846
Danny Richar,450.924,6.481,16.128,0.295,0.343,0.450,0.793,0.334,107.343
Daric Barton,552.161,15.090,11.534,0.295,0.404,0.434,0.839,0.324,124.597
Dariel Alvarez,550.664,4.017,12.973,0.282,0.315,0.404,0.718,0.308,104.931
Darnell McDonald,596.000,7.900,19.300,0.292,0.351,0.435,0.786,0.347,120.000
Darnell Sweeney,489.630,8.592,22.227,0.258,0.324,0.392,0.716,0.322,95.710
Darwin Barney,514.000,4.500,10.100,0.299,0.333,0.378,0.711,0.329,83.000
Dave Krynzel,417.000,10.100,25.700,0.231,0.314,0.359,0.673,0.308,78.000
Dave Sappelt,550.000,6.500,13.300,0.266,0.314,0.376,0.690,0.296,77.000
David Cooper,545.000,12.300,7.900,0.364,0.439,0.535,0.974,0.380,144.000
David Espinosa,419.000,8.100,22.200,0.204,0.268,0.317,0.585,0.255,58.000
David Freese,510.000,7.600,21.800,0.306,0.361,0.550,0.910,0.350,127.000
David Lough,530.915,6.347,11.657,0.291,0.343,0.446,0.789,0.313,97.467
David Murphy,451.000,9.100,15.700,0.280,0.346,0.420,0.766,0.319,110.000
David Washington,399.010,9.765,34.952,0.259,0.332,0.503,0.835,0.357,123.528
David Winfree,454.020,5.256,18.307,0.281,0.321,0.469,0.791,0.316,109.013
Dayan Viciedo,505.000,8.900,16.400,0.296,0.364,0.491,0.856,0.324,133.000
Dean Anna,583.000,10.500,11.100,0.331,0.410,0.482,0.892,0.361,140.000
Dee Gordon,433.000,11.800,16.200,0.297,0.385,0.390,0.775,0.364,111.000
Deibinson Romero,492.000,12.200,17.900,0.265,0.364,0.406,0.770,0.314,116.000
Delwyn Young,560.945,7.152,18.663,0.304,0.354,0.512,0.865,0.349,120.220
Denard Span,548.000,7.300,16.400,0.267,0.323,0.355,0.678,0.322,87.000
Denis Phipps,444.009,9.231,22.942,0.236,0.314,0.392,0.706,0.286,97.477
Derek Fisher,384.000,9.100,19.300,0.318,0.384,0.583,0.967,0.352,147.000
Derrick Robinson,488.000,10.200,17.200,0.268,0.344,0.325,0.668,0.325,78.000
Derrik Gibson,422.000,8.100,20.600,0.242,0.306,0.388,0.695,0.298,77.000
Desmond Jennings,429.676,10.764,16.922,0.277,0.368,0.422,0.790,0.326,118.215
Destin Hood,522.000,7.100,21.600,0.267,0.316,0.435,0.751,0.315,97.000
Deven Marrero,404.095,6.842,21.954,0.228,0.282,0.295,0.577,0.288,65.556
Devin Mesoraco,499.000,10.400,16.600,0.289,0.371,0.484,0.855,0.325,133.000
Diego Goris,470.000,6.000,19.600,0.285,0.326,0.417,0.742,0.336,91.000
Dilson Herrera,469.000,8.100,18.600,0.274,0.335,0.456,0.791,0.312,112.000
Diory Hernandez,490.000,4.100,14.900,0.288,0.317,0.383,0.700,0.329,89.000
Dixon Machado,568.002,8.253,14.098,0.264,0.331,0.344,0.675,0.305,97.016
Domingo Santana,467.630,12.767,27.799,0.312,0.403,0.518,0.921,0.422,144.127
Dominic Smith,500.000,7.800,17.400,0.330,0.386,0.519,0.905,0.380,134.000
Drew Dosch,473.000,7.600,23.900,0.265,0.323,0.414,0.737,0.339,103.000
Drew Garcia,406.506,6.800,24.435,0.218,0.276,0.339,0.616,0.277,67.026
Drew Locke,524.000,8.200,17.600,0.279,0.338,0.478,0.816,0.313,105.000
Drew Meyer,403.000,6.700,22.600,0.228,0.278,0.305,0.583,0.295,52.000
Drew Robinson,539.000,12.200,27.500,0.257,0.350,0.480,0.830,0.332,120.000
Drew Stubbs,472.000,10.800,22.000,0.268,0.353,0.360,0.713,0.350,102.000
Drew Sutton,438.000,13.900,21.000,0.273,0.379,0.387,0.766,0.347,113.000
Drew T. Anderson,428.395,5.721,22.070,0.282,0.329,0.430,0.759,0.354,98.456
Dustin Martin,522.860,9.278,21.663,0.259,0.330,0.398,0.728,0.319,99.097
Dustin Pedroia,493.000,9.700,5.500,0.305,0.384,0.426,0.810,0.314,131.000
Dwight Smith Jr.,449.000,10.500,15.800,0.273,0.350,0.392,0.743,0.313,108.000
Dylan Cozens,542.000,10.700,35.800,0.210,0.301,0.418,0.719,0.283,99.000
Eduardo Escobar,536.000,5.000,19.400,0.266,0.303,0.354,0.657,0.327,78.000
Eduardo Nunez,506.000,6.300,11.900,0.289,0.340,0.381,0.721,0.323,97.000
Edward Salcedo,413.000,9.700,23.500,0.212,0.294,0.357,0.651,0.257,79.000
Edwin Maysonet,466.000,9.400,15.000,0.271,0.343,0.379,0.723,0.310,86.000
Efren Navarro,570.488,8.530,14.449,0.312,0.370,0.448,0.818,0.355,111.111
Eider Torres,457.068,6.363,13.235,0.275,0.322,0.340,0.662,0.314,82.890
Elliot Johnson,480.633,7.883,23.388,0.261,0.326,0.411,0.738,0.328,100.397
Emilio Bonifacio,438.000,7.100,15.500,0.314,0.361,0.397,0.758,0.373,97.000
Engel Beltre,439.000,6.400,19.100,0.292,0.340,0.398,0.738,0.351,94.000
Eric Campbell,425.000,15.500,14.100,0.314,0.435,0.475,0.910,0.357,148.000
Eric Duncan,474.103,8.981,20.446,0.237,0.309,0.377,0.686,0.280,85.867
Eric Farris,530.376,5.728,11.397,0.269,0.316,0.357,0.673,0.296,74.991
Eric Patterson,557.216,9.538,14.934,0.302,0.369,0.474,0.842,0.338,118.056
Eric Reed,420.000,5.700,22.400,0.303,0.344,0.438,0.782,0.384,105.000
Eric Sogard,597.000,12.600,11.400,0.300,0.391,0.407,0.798,0.336,111.000
Eric Thames,398.000,10.100,23.900,0.278,0.357,0.432,0.789,0.353,114.000
Eric Wood,473.000,9.500,26.400,0.238,0.311,0.438,0.749,0.293,105.000
Eric Young Jr.,554.000,10.100,14.300,0.299,0.387,0.430,0.817,0.347,121.000
Erik Gonzalez,460.000,4.100,19.100,0.296,0.329,0.450,0.779,0.349,122.000
Ernesto Mejia,555.029,7.391,25.586,0.273,0.335,0.500,0.835,0.327,130.036
Eury Perez,433.000,3.000,14.800,0.300,0.336,0.422,0.758,0.343,113.000
Evan Frey,455.000,13.000,14.900,0.275,0.369,0.373,0.742,0.326,91.000
Ezequiel Carrera,440.960,8.347,15.798,0.280,0.345,0.383,0.728,0.329,102.310
Felix Perez,428.000,5.400,14.700,0.301,0.348,0.401,0.749,0.350,111.000
Felix Pie,623.000,7.400,20.200,0.283,0.341,0.451,0.792,0.340,107.000
Fernando Cortez,442.938,4.482,11.459,0.246,0.284,0.306,0.589,0.276,58.486
Fernando Perez,514.146,8.644,25.162,0.260,0.327,0.353,0.680,0.353,85.958
Franchy Cordero,419.000,5.500,28.200,0.326,0.369,0.603,0.972,0.431,146.000
Francisco Cervelli,417.000,9.400,19.700,0.246,0.341,0.316,0.657,0.308,89.000
Francisco Peguero,476.000,3.200,17.200,0.272,0.297,0.394,0.691,0.319,73.000
Frank Schwindel,406.000,2.500,16.700,0.321,0.340,0.528,0.868,0.353,121.000
Franklin Barreto,510.000,5.300,27.600,0.290,0.339,0.456,0.796,0.384,103.000
Franklin Gutierrez,413.000,11.900,20.300,0.278,0.373,0.433,0.806,0.341,127.000
Fred Lewis,517.000,13.200,20.300,0.276,0.375,0.453,0.828,0.334,120.000
Freddie Freeman,519.000,8.300,16.200,0.319,0.378,0.521,0.898,0.351,141.000
Freddy Guzman,507.893,9.924,12.448,0.272,0.348,0.369,0.716,0.308,92.160
Freddy Sandoval,587.000,8.000,12.600,0.335,0.389,0.514,0.904,0.363,128.000
Garin Cecchini,465.391,8.357,18.812,0.249,0.317,0.349,0.666,0.299,85.226
Garrett Jones,546.259,8.105,18.702,0.265,0.324,0.462,0.785,0.292,111.685
Gary Brown,558.104,5.511,19.643,0.248,0.303,0.379,0.681,0.296,77.811
Gavin Cecchini,498.002,8.802,11.649,0.296,0.360,0.414,0.774,0.328,106.543
George Kottaras,462.000,13.900,23.800,0.243,0.348,0.456,0.804,0.279,119.000
Geovany Soto,422.002,11.195,19.969,0.315,0.391,0.528,0.919,0.368,136.486
Giovanny Urshela,462.520,4.921,11.847,0.275,0.311,0.423,0.735,0.292,104.007
Gorkys Hernandez,450.508,7.914,21.919,0.277,0.342,0.387,0.730,0.355,102.913
Grant Green,481.669,5.714,15.630,0.308,0.351,0.466,0.817,0.350,113.304
Greg Dobbs,421.000,8.800,13.800,0.314,0.375,0.451,0.826,0.349,118.000
Greg Garcia,419.121,11.008,17.514,0.278,0.375,0.377,0.751,0.341,104.400
Greg Golson,467.288,5.411,23.205,0.265,0.312,0.388,0.700,0.338,89.217
Greg Halman,465.000,8.000,36.300,0.243,0.310,0.545,0.854,0.315,111.000
Gregor Blanco,482.626,12.021,16.443,0.259,0.351,0.327,0.678,0.313,93.092
Gregorio Petit,455.103,7.055,18.912,0.252,0.310,0.359,0.670,0.298,77.749
Hank Conger,452.000,12.200,12.800,0.300,0.385,0.463,0.847,0.326,120.000
Harrison Bader,479.000,7.100,24.600,0.283,0.347,0.469,0.816,0.345,111.000
Hector Gomez,442.000,4.800,18.100,0.282,0.325,0.483,0.808,0.315,105.000
Hector Luna,429.000,7.000,14.500,0.267,0.324,0.397,0.721,0.296,98.000
Henry Alejandro Rodriguez,514.000,5.400,13.400,0.274,0.319,0.335,0.654,0.311,84.000
Hernan Iribarren,453.676,7.247,15.157,0.287,0.341,0.380,0.721,0.334,87.336
Hernan Perez,596.000,6.000,10.900,0.287,0.331,0.404,0.735,0.315,102.000
Hunter Brown,447.000,12.300,19.900,0.262,0.357,0.405,0.762,0.323,105.000
Hunter Dozier,434.000,9.200,23.000,0.294,0.357,0.506,0.864,0.358,126.000
Hunter Morris,546.000,7.900,22.300,0.247,0.310,0.457,0.766,0.280,97.000
Hunter Renfroe,563.000,3.900,20.400,0.306,0.336,0.557,0.893,0.339,131.000
Ian Stewart,474.000,10.300,19.400,0.304,0.379,0.478,0.857,0.357,118.000
Ildemaro Vargas,535.000,5.600,7.500,0.312,0.355,0.462,0.817,0.319,111.000
Irving Falu,542.185,8.680,6.855,0.271,0.334,0.337,0.671,0.288,77.871
Isaac Galloway,478.134,5.325,22.656,0.252,0.295,0.366,0.661,0.314,73.659
Ivan De Jesus Jr.,507.084,8.607,15.594,0.295,0.359,0.407,0.765,0.343,101.340
J.B. Shuck,443.197,11.191,6.832,0.309,0.390,0.409,0.798,0.326,108.890
J.J. Furmaniak,450.738,8.285,21.265,0.256,0.325,0.387,0.712,0.312,87.728
J.P. Arencibia,480.376,6.684,20.742,0.267,0.320,0.531,0.851,0.286,113.282
J.P. Crawford,556.000,14.200,17.400,0.243,0.351,0.405,0.756,0.275,114.000
J.R. House,471.000,9.100,12.500,0.298,0.365,0.463,0.828,0.322,126.000
JD Closser,399.000,14.800,19.300,0.231,0.343,0.413,0.756,0.258,94.000
JaCoby Jones,393.000,8.400,26.500,0.245,0.314,0.387,0.702,0.322,94.000
Jack Cust,591.000,24.200,21.000,0.293,0.467,0.549,1.016,0.341,174.000
Jack Hannahan,458.754,15.001,22.642,0.288,0.399,0.441,0.840,0.363,136.817
Jack Reinheimer,548.741,8.698,16.306,0.283,0.347,0.368,0.714,0.337,91.168
Jacob May,467.000,6.400,24.000,0.248,0.307,0.325,0.632,0.331,77.000
Jacoby Ellsbury,401.000,8.000,11.700,0.298,0.360,0.380,0.740,0.337,106.000
Jaff Decker,409.883,12.381,20.680,0.268,0.361,0.406,0.767,0.328,111.542
Jai Miller,459.082,10.548,30.677,0.276,0.359,0.523,0.882,0.368,119.721
Jake Bauers,575.000,13.600,19.500,0.263,0.368,0.412,0.779,0.314,120.000
Jake Elmore,511.000,14.500,10.600,0.344,0.442,0.465,0.908,0.386,143.000
Jake Goebbert,421.000,13.500,16.600,0.294,0.392,0.452,0.844,0.336,128.000
Jamal Strong,416.000,10.100,16.800,0.241,0.331,0.300,0.631,0.295,81.000
James Beresford,536.498,6.711,13.047,0.284,0.331,0.341,0.673,0.327,91.988
James Loney,406.000,7.900,8.400,0.380,0.426,0.546,0.973,0.397,155.000
James McCann,460.000,5.400,19.600,0.295,0.343,0.427,0.770,0.355,112.000
James Ramsey,455.123,9.885,26.849,0.253,0.334,0.397,0.731,0.338,104.365
James Rapoport,464.000,9.500,12.300,0.267,0.341,0.331,0.672,0.305,78.000
Jamie D'Antona,496.662,7.086,12.264,0.334,0.382,0.547,0.929,0.355,133.559
Jamie Hoffmann,533.216,9.006,17.447,0.290,0.359,0.447,0.805,0.331,108.429
Jamie Romak,518.000,9.500,22.200,0.242,0.322,0.461,0.782,0.275,104.000
Jantzen Witte,395.000,7.800,14.700,0.258,0.327,0.361,0.688,0.302,99.000
Jared Hoying,508.825,7.025,21.688,0.251,0.307,0.476,0.783,0.284,100.266
Jarrett Hoffpauir,462.766,10.305,7.790,0.286,0.362,0.453,0.816,0.288,110.343
Jarrett Parker,504.000,12.300,32.500,0.283,0.375,0.514,0.889,0.398,135.000
Jason Botts,460.000,17.600,22.200,0.320,0.436,0.545,0.980,0.401,150.000
Jason Bourgeois,511.942,5.407,10.345,0.299,0.344,0.403,0.746,0.327,101.104
Jason Coats,530.000,5.500,17.500,0.270,0.313,0.438,0.751,0.299,115.000
Jason Cooper,431.119,10.744,24.166,0.243,0.328,0.432,0.760,0.301,108.827
Jason Dubois,512.000,8.800,25.600,0.275,0.342,0.492,0.835,0.334,131.000
Jason Jaramillo,484.773,9.514,16.583,0.269,0.345,0.366,0.711,0.314,96.536
Jason Kipnis,400.000,11.000,18.000,0.280,0.362,0.484,0.846,0.318,131.000
Jason Leblebijian,473.000,7.400,26.200,0.258,0.323,0.405,0.729,0.336,102.000
Jason Martinson,534.268,7.959,34.513,0.218,0.292,0.375,0.667,0.316,91.768
Jason Perry,391.000,12.500,26.900,0.255,0.359,0.498,0.857,0.310,120.000
Jason Pridie,575.914,4.287,20.638,0.268,0.300,0.410,0.710,0.323,90.298
Jason Repko,535.000,9.300,20.200,0.283,0.373,0.449,0.822,0.344,111.000
Javier Baez,434.000,7.800,30.000,0.260,0.323,0.510,0.833,0.322,108.000
Javier Castillo,474.000,5.900,18.400,0.247,0.295,0.364,0.660,0.292,81.000
Jaycob Brugman,433.000,8.300,20.300,0.295,0.352,0.438,0.790,0.358,109.000
Jayson Nix,444.202,7.167,15.949,0.274,0.331,0.389,0.719,0.317,87.564
Jedd Gyorko,408.000,8.300,16.700,0.328,0.380,0.588,0.968,0.344,146.000
Jeff Bailey,548.000,13.500,21.200,0.275,0.383,0.489,0.872,0.319,145.000
Jeff Baisley,391.000,6.600,21.000,0.248,0.306,0.389,0.695,0.296,80.000
Jeff Baker,538.000,8.600,20.400,0.305,0.369,0.508,0.877,0.357,130.000
Jeff Clement,535.047,10.844,18.316,0.274,0.362,0.496,0.858,0.306,122.019
Jeff Fiorentino,423.000,11.300,14.700,0.312,0.387,0.510,0.896,0.343,146.000
Jeff Frazier,476.505,5.519,14.567,0.280,0.320,0.476,0.796,0.291,113.270
Jeff Keppinger,509.000,7.900,5.900,0.316,0.368,0.389,0.757,0.329,111.000
Jeff Kobernus,412.000,6.800,14.300,0.318,0.366,0.388,0.754,0.373,113.000
Jeff Larish,416.945,11.823,24.329,0.266,0.358,0.503,0.861,0.312,129.881
Jeff Mathis,417.000,6.200,18.000,0.289,0.333,0.430,0.763,0.343,99.000
Jeff Salazar,472.000,11.900,11.900,0.299,0.385,0.495,0.880,0.321,125.000
Jefry Marte,399.000,7.800,16.000,0.275,0.341,0.487,0.828,0.294,139.000
Jeimer Candelario,458.000,10.000,22.700,0.265,0.343,0.484,0.827,0.321,116.000
Jemile Weeks,614.000,13.000,16.100,0.271,0.376,0.369,0.745,0.328,105.000
Jeremy Brown,390.000,12.100,19.000,0.276,0.364,0.469,0.833,0.315,113.000
Jeremy Hazelbaker,480.000,7.500,27.300,0.257,0.313,0.374,0.687,0.340,90.000
Jeremy Hermida,450.000,10.200,21.600,0.319,0.400,0.524,0.924,0.387,155.000
Jeremy Moore,460.000,4.600,24.800,0.298,0.331,0.545,0.876,0.370,108.000
Jeremy Reed,630.000,7.500,11.600,0.300,0.354,0.452,0.806,0.323,106.000
Jermaine Curtis,436.000,11.900,12.200,0.257,0.355,0.349,0.703,0.284,91.000
Jermaine Mitchell,474.000,11.400,21.900,0.252,0.345,0.386,0.731,0.322,92.000
Jerry Owens,450.565,9.279,13.159,0.268,0.337,0.333,0.670,0.306,87.320
Jerry Sands,452.369,10.998,22.205,0.264,0.346,0.485,0.832,0.299,112.308
Jesse Winker,448.000,13.200,13.200,0.303,0.397,0.384,0.782,0.347,128.000
Jesus Aguilar,551.296,9.945,19.476,0.271,0.347,0.472,0.819,0.301,130.887
Jesus Guzman,496.032,7.549,15.110,0.321,0.378,0.508,0.885,0.353,130.024
Jesus Merchan,477.000,3.800,9.200,0.339,0.373,0.443,0.816,0.363,109.000
Jesus Montero,468.541,7.332,17.964,0.307,0.359,0.494,0.853,0.345,130.008
Jesus Valdez,428.000,6.500,15.900,0.271,0.318,0.397,0.715,0.298,94.000
Jim Adduci,407.000,6.600,19.700,0.248,0.302,0.302,0.604,0.306,56.000
Jim Gallagher,543.000,11.400,15.100,0.246,0.335,0.381,0.717,0.282,99.000
Jimmy Paredes,485.038,4.056,21.963,0.305,0.334,0.459,0.794,0.376,104.531
Joaquin Arias,509.589,3.786,10.789,0.276,0.306,0.370,0.676,0.300,73.331
Joc Pederson,553.000,18.100,26.900,0.303,0.435,0.582,1.017,0.385,164.000
Joe Koshansky,542.680,11.769,27.800,0.271,0.359,0.508,0.867,0.341,119.029
Joe Leonard,449.000,4.900,20.300,0.230,0.271,0.297,0.568,0.291,56.000
Joe Mahoney,536.000,6.500,17.700,0.265,0.319,0.389,0.708,0.308,94.000
Joe Thurston,558.351,7.797,10.721,0.291,0.358,0.430,0.789,0.319,119.487
Joel Guzman,451.188,5.348,23.286,0.255,0.294,0.431,0.725,0.296,91.606
Joey Butler,525.116,12.230,24.633,0.300,0.392,0.467,0.859,0.389,124.180
Joey Gallo,433.000,15.700,34.600,0.240,0.367,0.529,0.896,0.330,135.000
Joey Terdoslavich,569.000,10.700,18.600,0.256,0.337,0.385,0.722,0.298,100.000
Joey Votto,580.000,12.100,19.000,0.294,0.381,0.478,0.859,0.332,136.000
Joey Wendle,555.441,4.044,18.613,0.285,0.325,0.441,0.766,0.338,99.478
Johan Limonta,460.000,9.600,16.300,0.319,0.382,0.477,0.858,0.359,114.000
John Andreoli,532.750,13.633,25.309,0.258,0.365,0.410,0.775,0.344,108.748
John Bowker,450.501,11.194,15.201,0.324,0.399,0.539,0.938,0.351,150.474
John Hattig,402.301,9.229,26.784,0.272,0.341,0.407,0.749,0.366,107.945
John Mayberry Jr.,513.536,6.728,19.185,0.265,0.322,0.441,0.763,0.304,96.676
John Nelson,476.000,8.800,32.100,0.215,0.291,0.411,0.702,0.277,82.000
John Raynor,503.000,8.300,24.100,0.257,0.327,0.360,0.687,0.337,83.000
John-Ford Griffin,551.000,10.700,26.100,0.252,0.330,0.488,0.818,0.299,121.000
Johnny Field,480.000,5.400,20.400,0.261,0.303,0.425,0.728,0.307,100.000
Johnny Giavotella,463.184,10.010,10.421,0.315,0.384,0.451,0.835,0.337,116.340
Johnny Monell,481.000,12.300,21.800,0.275,0.364,0.494,0.858,0.319,125.000
Jon Jay,564.000,6.000,11.300,0.281,0.338,0.394,0.732,0.303,93.000
Jon Kemmer,452.000,8.400,28.300,0.265,0.334,0.477,0.811,0.342,114.000
Jon Knott,544.000,9.600,18.900,0.280,0.353,0.572,0.925,0.291,138.000
Jon Singleton,475.980,15.514,23.525,0.227,0.347,0.444,0.793,0.256,111.106
Jonathan Diaz,400.000,15.500,14.000,0.240,0.374,0.317,0.691,0.280,92.000
Jonathan Galvez,424.581,8.652,21.471,0.279,0.348,0.414,0.763,0.346,100.914
Jonathan Herrera,450.000,10.900,11.300,0.268,0.353,0.339,0.692,0.302,88.000
Jonathan Schuerholz,425.000,7.500,22.100,0.184,0.252,0.243,0.495,0.236,38.000
Jordan Brown,458.345,6.399,12.963,0.309,0.355,0.471,0.826,0.336,118.545
Jordan Danks,487.225,10.084,28.370,0.256,0.336,0.417,0.753,0.346,106.073
Jordan Lennerton,607.000,13.800,21.900,0.278,0.382,0.430,0.812,0.342,130.000
Jordan Pacheco,411.000,7.300,11.700,0.278,0.343,0.377,0.721,0.308,81.000
Jordan Parraz,498.018,8.148,16.992,0.277,0.356,0.425,0.781,0.323,109.928
Jordan Patterson,519.565,7.984,23.695,0.288,0.361,0.511,0.872,0.349,126.387
Jorge Bonifacio,558.000,9.100,23.300,0.277,0.351,0.461,0.812,0.339,116.000
Jose Constanza,448.000,7.800,12.100,0.319,0.373,0.394,0.766,0.366,111.000
Jose Iglesias,391.552,6.108,13.280,0.251,0.302,0.288,0.589,0.289,63.632
Jose Martinez,447.386,9.835,14.563,0.325,0.392,0.485,0.876,0.365,134.454
Jose Morales,411.000,7.300,10.700,0.311,0.366,0.399,0.765,0.347,111.000
Jose Peraza,521.000,3.300,8.600,0.293,0.316,0.378,0.694,0.312,94.000
Jose Pirela,581.000,6.400,12.700,0.305,0.351,0.441,0.792,0.336,117.000
Josh Anderson,552.739,5.602,11.929,0.293,0.341,0.372,0.713,0.331,90.115
Josh Bell,446.096,10.297,20.253,0.280,0.355,0.464,0.819,0.324,122.194
Josh Donaldson,503.000,10.100,19.900,0.261,0.344,0.439,0.783,0.301,94.000
Josh Fields,526.000,10.300,25.900,0.305,0.379,0.515,0.894,0.394,151.000
Josh Kroeger,497.721,7.381,17.879,0.252,0.312,0.418,0.729,0.285,93.274
Josh Labandeira,456.000,8.100,11.400,0.276,0.351,0.352,0.702,0.309,89.000
Josh Phegley,445.191,5.747,14.878,0.270,0.319,0.456,0.775,0.288,110.666
Josh Prince,490.000,12.200,21.400,0.237,0.338,0.368,0.707,0.289,91.000
Josh Rabe,398.000,8.800,9.300,0.299,0.362,0.411,0.773,0.315,118.000
Josh Reddick,481.000,5.200,15.200,0.266,0.301,0.466,0.767,0.279,102.000
Josh Satin,527.000,14.600,20.700,0.286,0.391,0.442,0.833,0.346,136.000
Josh Vitters,429.346,6.175,21.484,0.261,0.314,0.431,0.745,0.304,89.379
Josh Whitesell,560.000,13.200,24.300,0.328,0.425,0.568,0.993,0.411,152.000
Josh Wilson,459.000,6.300,15.500,0.262,0.330,0.378,0.708,0.300,95.000
Juan Diaz,467.851,6.488,23.258,0.263,0.314,0.380,0.695,0.332,85.499
Juan Miranda,463.431,11.998,19.555,0.289,0.376,0.476,0.851,0.334,134.916
Juan Perez,408.002,5.545,19.946,0.270,0.316,0.408,0.723,0.323,96.022
Julio Borbon,528.862,6.695,10.484,0.305,0.357,0.412,0.770,0.333,102.439
Jurickson Profar,383.000,11.200,8.600,0.287,0.383,0.428,0.811,0.302,116.000
Justin Bour,430.000,9.100,13.300,0.306,0.372,0.517,0.889,0.319,124.000
Justin Henry,543.000,9.900,12.000,0.300,0.372,0.357,0.729,0.342,107.000
Justin Huber,458.825,10.056,19.686,0.275,0.357,0.481,0.838,0.311,126.709
Justin Maxwell,448.000,12.100,30.400,0.242,0.344,0.396,0.740,0.339,108.000
Justin Ruggiano,539.091,9.651,27.651,0.281,0.358,0.458,0.815,0.373,125.766
Justin Turner,442.002,7.550,9.954,0.308,0.368,0.438,0.806,0.328,122.528
Kaleb Cowart,437.110,9.287,19.806,0.295,0.360,0.466,0.827,0.353,117.071
Kean Wong,417.000,8.200,18.700,0.265,0.328,0.361,0.688,0.321,94.000
Keith Reed,453.000,4.200,13.900,0.279,0.319,0.441,0.761,0.309,112.000
Kenny Kelly,409.000,10.500,18.300,0.248,0.332,0.305,0.637,0.312,74.000
Kennys Vargas,402.000,16.400,22.100,0.233,0.361,0.424,0.785,0.270,128.000
Kevin Frandsen,474.000,4.900,7.200,0.295,0.352,0.438,0.790,0.295,109.000
Kevin Mahar,410.000,3.400,23.900,0.276,0.303,0.389,0.692,0.353,74.000
Kevin Mattison,539.000,8.200,26.900,0.241,0.310,0.394,0.704,0.315,80.000
Kevin Melillo,433.231,11.663,21.965,0.260,0.348,0.444,0.793,0.317,106.954
Kevin Pillar,434.000,4.800,11.100,0.323,0.359,0.509,0.868,0.345,136.000
Kevin Russo,454.873,8.854,16.969,0.293,0.358,0.382,0.740,0.350,107.274
Kevin Thompson,416.000,10.600,15.100,0.265,0.345,0.428,0.773,0.296,116.000
Kila Ka'aihue,464.772,18.201,17.297,0.278,0.410,0.484,0.893,0.308,131.452
Koby Clemens,444.000,11.500,26.400,0.234,0.331,0.424,0.756,0.291,86.000
Kole Calhoun,463.000,9.500,19.000,0.298,0.369,0.507,0.877,0.346,125.000
Kolten Wong,463.000,8.900,13.000,0.303,0.369,0.466,0.835,0.332,120.000
Kory Casto,488.525,10.006,19.608,0.259,0.334,0.381,0.715,0.307,98.451
Kristopher Negron,465.000,4.700,21.900,0.216,0.269,0.338,0.607,0.260,63.000
Kyle Hudson,462.000,9.300,16.000,0.264,0.335,0.286,0.621,0.321,79.000
Kyle Jensen,510.941,7.789,25.364,0.260,0.323,0.482,0.806,0.307,107.000
Kyle Kubitza,496.073,12.055,25.109,0.243,0.338,0.388,0.726,0.324,95.166
Kyle Parker,542.000,6.100,18.800,0.289,0.336,0.450,0.786,0.335,102.000
Kyle Roller,470.053,11.626,27.907,0.256,0.357,0.440,0.797,0.340,126.473
Kyle Wren,540.000,10.000,14.300,0.286,0.364,0.401,0.766,0.332,103.000
L.J. Hoes,434.094,11.746,13.528,0.280,0.368,0.378,0.746,0.321,112.099
Larry Broadway,469.019,11.696,21.980,0.269,0.355,0.435,0.790,0.328,111.906
Lars Anderson,508.465,12.522,22.280,0.259,0.355,0.416,0.771,0.322,113.211
Lastings Milledge,505.000,8.500,12.500,0.295,0.364,0.441,0.805,0.321,123.000
Laynce Nix,420.000,8.600,21.000,0.284,0.348,0.539,0.887,0.314,118.000
Leandro Castro,464.078,4.516,15.838,0.258,0.294,0.367,0.661,0.294,81.052
Logan Schafer,513.000,5.700,14.000,0.278,0.332,0.438,0.770,0.307,98.000
Logan Watkins,472.000,11.000,20.800,0.243,0.333,0.379,0.711,0.300,90.000
Lorenzo Cain,549.000,7.300,18.600,0.312,0.380,0.497,0.877,0.366,118.000
Lucas May,390.000,8.700,20.300,0.291,0.355,0.501,0.856,0.333,118.000
Luis Alfonso Cruz,518.000,2.900,10.800,0.281,0.309,0.414,0.723,0.298,82.000
Luis Durango,504.204,9.571,15.044,0.294,0.363,0.331,0.694,0.353,93.287
Luis Hernandez,435.000,5.100,16.800,0.240,0.280,0.332,0.612,0.277,65.000
Luis Jimenez,509.126,4.241,14.238,0.298,0.328,0.500,0.828,0.316,108.508
Luis Rivas,465.000,9.000,14.800,0.263,0.341,0.400,0.741,0.292,105.000
Luis Sardinas,416.000,4.800,13.000,0.282,0.319,0.359,0.678,0.325,81.000
Luis Valbuena,472.000,9.700,20.300,0.302,0.372,0.476,0.848,0.355,134.000
Mac Williamson,382.000,6.500,26.200,0.244,0.301,0.423,0.724,0.301,84.000
Maikel Franco,556.000,5.400,14.600,0.257,0.299,0.428,0.727,0.276,97.000
Manuel Margot,566.000,6.400,11.300,0.304,0.351,0.426,0.777,0.335,108.000
Marc Maddox,413.000,8.500,13.600,0.263,0.336,0.349,0.685,0.304,80.000
Mark Canha,537.000,10.600,20.900,0.303,0.384,0.505,0.889,0.356,131.000
Mark Hallberg,441.383,9.841,7.828,0.271,0.346,0.373,0.719,0.286,84.029
Mark Saccomanno,511.000,6.500,22.300,0.277,0.323,0.487,0.810,0.318,101.000
Mark Trumbo,595.000,9.700,21.200,0.301,0.368,0.577,0.945,0.332,134.000
Mark Zagunis,408.000,17.200,22.800,0.267,0.404,0.455,0.859,0.333,130.000
Martin Prado,443.000,7.700,9.300,0.316,0.374,0.420,0.794,0.343,121.000
Mason Williams,437.000,6.400,15.100,0.263,0.309,0.318,0.627,0.306,74.000
Mat Gamel,545.000,8.400,15.400,0.310,0.372,0.540,0.912,0.326,121.000
Matt Angle,453.702,9.993,18.166,0.280,0.359,0.375,0.734,0.342,99.354
Matt Antonelli,540.000,14.100,15.900,0.215,0.335,0.322,0.657,0.248,74.000
Matt Camp,495.000,8.700,8.300,0.264,0.335,0.323,0.659,0.285,70.000
Matt Carpenter,535.000,15.700,12.700,0.300,0.417,0.463,0.880,0.328,125.000
Matt Carson,493.000,7.700,19.100,0.264,0.327,0.514,0.841,0.279,116.000
Matt Clark,524.323,10.995,21.844,0.291,0.365,0.502,0.866,0.335,116.339
Matt Davidson,550.229,9.571,29.780,0.225,0.307,0.403,0.710,0.289,95.424
Matt Dominguez,484.102,5.211,13.211,0.265,0.308,0.406,0.714,0.281,92.922
Matt Downs,467.000,5.400,12.400,0.300,0.343,0.491,0.834,0.315,117.000
Matt Duffy,506.878,7.802,21.390,0.265,0.335,0.441,0.776,0.308,106.153
Matt Hague,557.033,8.904,13.214,0.293,0.364,0.412,0.776,0.329,117.322
Matt Joyce,493.000,13.600,19.900,0.273,0.373,0.482,0.855,0.317,136.000
Matt Juengel,431.000,7.400,17.600,0.263,0.325,0.431,0.756,0.300,99.000
Matt LaPorta,414.966,10.386,16.559,0.281,0.368,0.500,0.867,0.298,140.372
Matt Long,411.246,10.368,17.772,0.285,0.358,0.464,0.822,0.330,113.862
Matt Macri,412.000,8.500,20.600,0.225,0.296,0.400,0.696,0.259,90.000
Matt Mangini,477.000,5.500,20.100,0.313,0.352,0.521,0.873,0.364,119.000
Matt McBride,469.000,4.100,10.000,0.344,0.365,0.535,0.900,0.360,128.000
Matt Miller,587.504,9.997,14.547,0.322,0.392,0.456,0.848,0.366,124.506
Matt Murton,424.000,9.200,12.300,0.324,0.389,0.499,0.888,0.345,133.000
Matt Olson,540.000,13.100,24.400,0.235,0.335,0.422,0.757,0.289,102.000
Matt Reynolds,490.000,6.500,18.800,0.267,0.319,0.402,0.721,0.319,90.000
Matt Skole,573.000,11.500,20.800,0.244,0.337,0.437,0.774,0.273,123.000
Matt Szczur,457.000,6.600,17.100,0.261,0.315,0.312,0.626,0.318,65.000
Matt Tolbert,477.000,7.800,11.700,0.293,0.353,0.427,0.780,0.321,115.000
Matt Tuiasosopo,503.011,11.493,23.418,0.249,0.345,0.403,0.748,0.309,95.806
Matt Williams,395.000,12.400,17.000,0.263,0.355,0.346,0.701,0.321,91.000
Matt Young,555.000,10.300,9.500,0.300,0.380,0.407,0.786,0.330,117.000
Matthew Brown,442.038,9.211,20.975,0.280,0.355,0.501,0.855,0.325,118.183
Mauro Gomez,500.229,7.407,22.287,0.307,0.363,0.551,0.914,0.357,148.701
Max Moroff,520.000,17.300,24.800,0.230,0.367,0.349,0.716,0.311,113.000
Max Ramirez,445.000,10.600,18.400,0.300,0.374,0.473,0.847,0.336,119.000
Max Stassi,425.000,5.200,24.200,0.247,0.296,0.378,0.674,0.312,72.000
Melvin Upton Jr.,470.000,13.800,18.900,0.269,0.374,0.394,0.769,0.326,121.000
Micah Johnson,516.000,7.900,20.300,0.261,0.321,0.356,0.677,0.327,82.000
Michael Almanzar,468.261,5.365,21.096,0.238,0.285,0.350,0.636,0.290,78.674
Michael Aubrey,407.000,4.900,9.300,0.290,0.323,0.436,0.759,0.299,104.000
Michael Brantley,528.000,11.200,9.100,0.267,0.350,0.361,0.711,0.286,101.000
Michael Choice,558.234,9.572,22.734,0.273,0.352,0.421,0.774,0.336,108.477
Michael Morse,472.000,7.400,16.300,0.322,0.383,0.511,0.894,0.361,141.000
Michael Reed,492.000,15.000,25.200,0.248,0.366,0.365,0.731,0.333,102.000
Michael Restovich,506.000,10.300,23.900,0.293,0.374,0.560,0.933,0.344,141.000
Michael Taylor,493.217,11.943,18.740,0.278,0.369,0.439,0.808,0.326,110.640
Miguel Negron,417.000,6.200,14.900,0.279,0.324,0.365,0.689,0.322,91.000
Mike Aviles,544.381,5.385,9.922,0.281,0.320,0.421,0.741,0.292,89.339
Mike Baxter,552.000,10.500,14.100,0.301,0.382,0.517,0.899,0.326,130.000
Mike Carp,476.882,10.391,20.151,0.264,0.351,0.480,0.831,0.289,113.627
Mike Costanzo,538.000,9.700,29.600,0.261,0.333,0.395,0.728,0.365,98.000
Mike Eylward,503.617,8.868,12.407,0.309,0.376,0.433,0.810,0.338,112.987
Mike Fontenot,418.000,11.200,15.300,0.296,0.375,0.450,0.825,0.336,119.000
Mike Freeman,435.000,7.800,11.700,0.317,0.371,0.422,0.793,0.357,114.000
Mike McDade,473.000,7.600,25.400,0.250,0.313,0.371,0.684,0.321,91.000
Mike Olt,420.000,13.100,30.000,0.197,0.302,0.368,0.671,0.254,76.000
Mike Paulk,410.000,9.500,16.800,0.262,0.333,0.426,0.760,0.302,93.000
Mike Rodriguez,502.000,10.200,11.000,0.276,0.352,0.385,0.737,0.303,97.000
Mike Rouse,402.000,10.400,16.700,0.258,0.347,0.377,0.724,0.303,95.000
Mike Tauchman,502.349,7.979,14.979,0.307,0.363,0.459,0.822,0.348,114.280
Mikie Mahtook,493.000,7.061,24.252,0.273,0.337,0.418,0.755,0.355,111.614
Mitch Maier,596.000,5.500,14.900,0.279,0.320,0.428,0.749,0.307,88.000
Mitch Moreland,412.000,11.400,15.300,0.289,0.371,0.484,0.855,0.316,118.000
Moises Sierra,417.060,6.582,23.018,0.275,0.335,0.447,0.782,0.332,109.072
Nate Gold,522.000,7.700,19.900,0.292,0.347,0.516,0.863,0.319,116.000
Nate Orf,452.939,9.713,13.727,0.306,0.384,0.454,0.837,0.347,121.128
Nate Schierholtz,439.000,3.900,13.200,0.333,0.365,0.560,0.925,0.355,132.000
Nate Spears,403.159,9.676,16.038,0.247,0.324,0.370,0.694,0.286,90.232
Nate Sutton,452.000,10.200,15.900,0.259,0.341,0.358,0.698,0.311,83.000
Nate Tenbrink,505.000,12.300,26.700,0.267,0.363,0.447,0.809,0.351,115.000
Neftali Soto,503.643,6.673,21.766,0.258,0.313,0.407,0.720,0.307,99.458
Neil Walker,483.617,5.881,17.214,0.251,0.293,0.441,0.734,0.272,95.862
Nellie Rodriguez,433.000,12.200,41.800,0.170,0.271,0.342,0.613,0.260,70.000
Nelson Cruz,435.859,11.237,21.440,0.323,0.404,0.614,1.018,0.359,157.574
Nick Ahmed,452.000,8.200,12.200,0.312,0.373,0.425,0.798,0.352,110.000
Nick Buss,567.752,8.333,15.724,0.301,0.364,0.448,0.811,0.342,113.154
Nick Castellanos,595.000,9.100,16.800,0.276,0.343,0.450,0.793,0.307,121.000
Nick Franklin,446.000,12.800,21.100,0.272,0.366,0.412,0.777,0.330,106.000
Nick Gorneault,452.000,8.400,23.500,0.283,0.343,0.499,0.842,0.344,118.000
Nick Martini,426.000,12.900,18.100,0.303,0.394,0.436,0.830,0.363,119.000
Nick Noonan,483.122,6.328,19.187,0.271,0.319,0.368,0.687,0.327,77.279
Nick Stavinoha,499.728,5.161,13.173,0.296,0.335,0.439,0.774,0.317,95.919
Nick Williams,527.000,3.600,25.800,0.258,0.287,0.427,0.714,0.325,100.000
Nicky Delmonico,429.000,10.700,17.000,0.262,0.347,0.421,0.768,0.296,115.000
Niko Goodrum,499.000,6.000,23.800,0.265,0.309,0.425,0.734,0.326,102.000
Niuman Romero,393.000,8.100,14.500,0.246,0.314,0.311,0.626,0.286,73.000
Noel Cuevas,528.000,4.700,19.300,0.312,0.353,0.487,0.840,0.368,115.000
Nolan Fontana,439.813,13.771,23.081,0.237,0.347,0.359,0.706,0.308,90.982
Nolan Reimold,401.000,13.500,15.200,0.249,0.364,0.374,0.738,0.276,107.000
Norris Hopper,410.000,4.900,6.100,0.347,0.378,0.392,0.769,0.369,118.000
O'Koyea Dickson,439.822,7.400,18.234,0.254,0.317,0.460,0.776,0.270,99.303
Omar Quintanilla,393.000,7.900,16.500,0.319,0.380,0.454,0.834,0.382,116.000
Orlando Arcia,440.000,6.600,17.500,0.267,0.320,0.403,0.723,0.312,91.000
Orlando Calixte,397.531,6.043,21.098,0.236,0.285,0.380,0.665,0.279,71.053
Oswaldo Arcia,400.000,11.300,21.500,0.326,0.410,0.639,1.049,0.367,165.000
Oswaldo Navarro,449.408,7.189,17.667,0.254,0.317,0.327,0.644,0.309,67.114
Ozzie Albies,448.000,6.300,20.100,0.285,0.330,0.440,0.771,0.342,112.000
Patrick Kivlehan,466.221,6.508,24.106,0.255,0.308,0.437,0.745,0.306,95.214
Patrick Leonard,553.000,7.200,23.700,0.268,0.327,0.408,0.735,0.338,105.000
Patrick Wisdom,506.000,7.500,29.400,0.243,0.310,0.507,0.817,0.286,105.000
Paul McAnulty,552.000,11.200,14.300,0.310,0.388,0.521,0.909,0.332,138.000
Pedro Ciriaco,502.000,2.400,14.700,0.265,0.281,0.387,0.667,0.299,67.000
Pedro Lopez,385.000,8.600,16.400,0.236,0.306,0.295,0.601,0.283,67.000
Pete Kozma,463.302,8.514,16.327,0.231,0.300,0.339,0.639,0.263,62.577
Peter Bourjos,455.000,5.300,17.100,0.314,0.364,0.498,0.861,0.359,119.000
Peter Ciofrone,421.000,9.000,15.400,0.314,0.389,0.519,0.908,0.339,131.000
Peter Mooney,455.000,9.500,13.600,0.213,0.290,0.308,0.598,0.243,55.000
Peter O'Brien,489.165,5.576,27.997,0.271,0.315,0.530,0.846,0.330,118.688
Phil Gosselin,407.000,4.700,15.200,0.344,0.379,0.487,0.866,0.401,140.000
Phillip Ervin,408.000,9.100,20.300,0.256,0.328,0.380,0.709,0.315,99.000
Phillip Evans,510.000,8.200,15.500,0.279,0.341,0.418,0.760,0.316,98.000
Preston Tucker,569.000,11.400,17.900,0.250,0.333,0.465,0.798,0.263,102.000
Rafael Ortega,487.462,10.370,12.307,0.301,0.375,0.422,0.796,0.340,112.238
Rafael Ynoa,473.000,8.000,16.500,0.297,0.356,0.419,0.775,0.353,102.000
Rajai Davis,417.000,6.500,14.100,0.283,0.335,0.348,0.683,0.330,94.000
Ramiro Pena,404.000,8.400,18.300,0.258,0.325,0.328,0.653,0.317,85.000
Ramon Flores,493.000,13.800,14.200,0.312,0.409,0.460,0.869,0.353,131.000
Ramon Santiago,402.000,4.000,15.200,0.263,0.309,0.362,0.671,0.308,84.000
Randal Grichuk,472.000,5.900,22.900,0.259,0.311,0.493,0.805,0.289,102.000
Rangel Ravelo,416.000,8.200,15.100,0.262,0.334,0.395,0.729,0.293,93.000
Ray Olmedo,408.742,6.483,13.477,0.268,0.319,0.357,0.677,0.307,85.466
Reegie Corona,428.000,8.400,13.600,0.238,0.306,0.354,0.660,0.269,78.000
Reggie Abercrombie,557.000,5.200,28.500,0.271,0.314,0.412,0.726,0.368,88.000
Reggie Willits,437.000,17.600,11.400,0.327,0.448,0.426,0.874,0.372,142.000
Reid Brignac,428.147,8.485,17.357,0.258,0.325,0.387,0.712,0.298,98.904
Renato Nunez,541.633,7.175,24.012,0.238,0.298,0.464,0.762,0.264,93.257
Rey Fuentes,445.000,6.700,16.200,0.308,0.360,0.422,0.781,0.356,110.000
Rey Navarro,487.502,7.952,13.427,0.271,0.329,0.377,0.705,0.303,92.325
Rhyne Hughes,425.000,6.800,28.500,0.258,0.314,0.410,0.723,0.346,93.000
Rhys Hoskins,475.000,13.500,15.800,0.284,0.385,0.581,0.966,0.281,166.000
Rich Poythress,416.000,11.100,18.500,0.252,0.337,0.430,0.767,0.284,103.000
Richie Shaffer,522.200,12.681,30.973,0.227,0.334,0.418,0.751,0.302,113.480
Rick Ankiel,423.000,5.900,21.300,0.267,0.314,0.568,0.883,0.265,113.000
Ricky Bell,389.000,4.400,17.200,0.212,0.248,0.288,0.537,0.246,37.000
Rio Ruiz,487.785,10.639,23.456,0.260,0.340,0.421,0.761,0.322,115.314
Rob Brantly,392.000,5.100,15.600,0.255,0.291,0.341,0.631,0.291,60.000
Rob Cosby,487.000,4.300,19.900,0.252,0.293,0.428,0.721,0.283,99.000
Rob Johnson,464.002,8.200,13.250,0.286,0.347,0.406,0.753,0.319,92.974
Rob Refsnyder,525.000,10.700,13.900,0.271,0.359,0.402,0.761,0.302,123.000
Rob Segedin,424.000,9.400,19.100,0.319,0.392,0.598,0.989,0.356,159.000
Robbie Grossman,408.000,13.500,20.800,0.254,0.354,0.349,0.703,0.318,93.000
Robert Andino,596.227,5.709,19.016,0.266,0.310,0.400,0.711,0.314,84.046
Roberto Lopez,476.000,7.100,15.500,0.289,0.342,0.438,0.780,0.325,105.000
Roemon Fields,388.000,8.200,16.800,0.291,0.355,0.352,0.707,0.357,100.000
Roger Kieschnick,411.768,8.282,23.079,0.267,0.328,0.479,0.807,0.319,106.717
Ronald Guzman,527.000,8.900,16.100,0.298,0.372,0.434,0.806,0.342,112.000
Ronald Torreyes,519.000,4.800,5.000,0.298,0.345,0.376,0.721,0.310,90.000
Ronny Rodriguez,485.513,4.649,18.497,0.274,0.308,0.427,0.735,0.313,104.451
Rowdy Tellez,501.000,9.400,18.800,0.222,0.295,0.333,0.628,0.264,73.000
Ruben Gotay,536.097,14.576,17.577,0.274,0.385,0.430,0.815,0.323,119.245
Russ Adams,489.051,9.712,15.134,0.260,0.337,0.409,0.747,0.286,104.010
Russ Canzler,537.562,10.866,22.204,0.278,0.358,0.466,0.823,0.336,128.122
Russell Mitchell,488.844,8.824,14.744,0.302,0.367,0.522,0.888,0.319,121.869
Rusty Ryal,446.000,7.400,21.100,0.290,0.347,0.527,0.874,0.338,127.000
Ryan Adams,415.000,7.200,24.800,0.284,0.341,0.454,0.794,0.363,117.000
Ryan Garko,437.000,10.300,15.300,0.247,0.352,0.420,0.773,0.258,117.000
Ryan Goins,410.156,6.949,18.143,0.270,0.324,0.361,0.684,0.329,90.980
Ryan Jackson,483.982,9.817,16.939,0.281,0.352,0.373,0.725,0.336,93.776
Ryan Ludwick,573.000,8.400,29.100,0.266,0.342,0.506,0.848,0.340,137.000
Ryan Mulhern,528.000,7.600,25.200,0.290,0.350,0.475,0.825,0.369,125.000
Ryan O'Hearn,463.000,9.700,25.700,0.252,0.325,0.450,0.776,0.309,99.000
Ryan Raburn,512.000,10.000,23.400,0.275,0.352,0.490,0.842,0.330,135.000
Ryan Roberts,451.879,11.425,18.677,0.277,0.361,0.440,0.801,0.324,116.290
Ryan Rohlinger,488.212,10.173,15.240,0.266,0.352,0.442,0.794,0.293,104.306
Ryan Strieby,557.000,10.800,30.700,0.255,0.341,0.429,0.770,0.349,112.000
Ryan Sweeney,471.936,8.820,15.278,0.284,0.349,0.426,0.775,0.318,115.357
Ryan Wheeler,443.232,6.500,18.001,0.326,0.368,0.512,0.880,0.371,126.618
Rymer Liriano,525.644,10.127,25.239,0.275,0.354,0.439,0.794,0.352,117.514
Sawyer Carroll,416.000,10.100,16.600,0.263,0.337,0.401,0.737,0.303,92.000
Scott Cousins,451.000,7.100,17.300,0.285,0.336,0.461,0.797,0.318,100.000
Scott Hairston,440.000,11.800,17.700,0.323,0.407,0.591,0.997,0.346,161.000
Scott Moore,425.000,11.300,18.600,0.295,0.380,0.444,0.823,0.348,107.000
Scott Schebler,485.000,8.200,19.200,0.241,0.322,0.410,0.731,0.278,91.000
Scott Thorman,427.063,5.015,18.542,0.270,0.314,0.477,0.790,0.289,104.845
Scott Van Slyke,411.000,11.200,15.600,0.327,0.404,0.578,0.982,0.354,152.000
Sean Halton,422.590,8.533,20.845,0.280,0.348,0.463,0.812,0.332,109.319
Sean Kazmar,498.513,7.448,14.127,0.256,0.315,0.351,0.666,0.290,70.226
Sean Rodriguez,459.000,12.000,26.600,0.294,0.397,0.608,1.005,0.352,162.000
Sebastian Elizalde,561.000,6.200,12.500,0.277,0.329,0.377,0.707,0.305,95.000
Sergio Santos,467.570,4.835,18.179,0.220,0.259,0.318,0.578,0.261,55.503
Seth Mejias-Brean,480.000,6.500,19.000,0.228,0.290,0.315,0.605,0.274,74.000
Seth Smith,506.000,7.700,14.400,0.317,0.381,0.528,0.909,0.345,132.000
Shane Peterson,591.200,12.149,22.576,0.281,0.370,0.426,0.796,0.355,110.550
Shane Robinson,393.000,7.100,10.700,0.238,0.306,0.351,0.657,0.255,74.000
Shawn Garrett,414.000,4.800,22.500,0.221,0.262,0.356,0.617,0.271,60.000
Shawn Riggans,453.000,6.000,19.400,0.293,0.341,0.444,0.785,0.347,120.000
Shelley Duncan,387.000,11.600,21.200,0.295,0.380,0.577,0.957,0.319,160.000
Sherman Johnson,467.000,12.800,18.200,0.226,0.332,0.345,0.677,0.265,85.000
Shin-Soo Choo,427.000,10.500,17.100,0.323,0.394,0.499,0.893,0.369,136.000
Skip Schumaker,403.000,5.700,11.900,0.306,0.348,0.382,0.730,0.342,94.000
Starling Marte,431.000,6.500,21.100,0.286,0.347,0.500,0.847,0.344,131.000
Stefan Gartrell,552.339,7.742,24.547,0.258,0.326,0.474,0.800,0.302,116.601
Stefen Romero,466.970,6.687,17.225,0.292,0.342,0.496,0.838,0.322,118.769
Stephen Parker,456.000,10.300,23.200,0.218,0.307,0.333,0.640,0.275,71.000
Stephen Piscotty,556.000,7.700,11.000,0.288,0.355,0.406,0.761,0.313,100.000
Stephen Vogt,396.000,10.600,15.400,0.272,0.350,0.424,0.774,0.306,116.000
Steve Lombardozzi,394.000,8.100,10.200,0.282,0.347,0.324,0.671,0.316,97.000
Steve Pearce,433.000,7.400,17.300,0.251,0.312,0.417,0.729,0.279,96.000
Steve Tolleson,489.469,10.096,15.250,0.273,0.350,0.386,0.736,0.312,94.314
Steven Moya,486.682,4.335,26.842,0.260,0.295,0.456,0.751,0.319,113.855
Steven Souza Jr.,407.000,12.800,18.400,0.350,0.432,0.590,1.022,0.398,180.000
T.J. Bohn,419.000,7.900,19.300,0.283,0.345,0.413,0.758,0.338,101.000
T.J. Rivera,442.000,5.200,12.200,0.353,0.393,0.516,0.909,0.383,142.000
Tagg Bozied,516.000,10.300,18.600,0.264,0.349,0.490,0.839,0.284,113.000
Taylor Davis,406.000,9.100,11.100,0.297,0.357,0.429,0.786,0.318,104.000
Taylor Featherston,439.000,5.700,22.300,0.254,0.311,0.428,0.738,0.304,111.000
Taylor Green,487.000,11.300,14.800,0.336,0.413,0.583,0.997,0.360,145.000
Taylor Harbin,513.000,4.100,10.100,0.308,0.341,0.441,0.783,0.333,100.000
Taylor Lindsey,493.000,8.100,12.000,0.238,0.306,0.372,0.678,0.254,74.000
Taylor Motter,558.000,10.200,17.000,0.292,0.366,0.471,0.837,0.332,142.000
Teoscar Hernandez,456.000,10.300,22.400,0.265,0.351,0.490,0.841,0.312,120.000
Terry Evans,552.787,6.016,24.146,0.303,0.346,0.516,0.862,0.370,120.155
Thomas Neal,409.000,8.800,17.100,0.255,0.329,0.343,0.673,0.305,88.000
Tim Beckham,522.000,8.400,20.700,0.276,0.342,0.387,0.729,0.348,106.000
Tim Federowicz,475.000,10.900,19.200,0.294,0.371,0.461,0.832,0.347,116.000
Tim Fedroff,595.000,12.100,19.800,0.242,0.334,0.306,0.640,0.300,85.000
Tim Smalling,404.000,6.400,15.100,0.256,0.314,0.343,0.658,0.291,76.000
Tim Wheeler,446.744,8.740,21.719,0.260,0.336,0.380,0.715,0.326,89.209
Todd Cunningham,482.940,8.838,13.717,0.277,0.354,0.376,0.730,0.316,104.491
Todd Frazier,538.000,8.400,23.600,0.258,0.333,0.448,0.781,0.317,109.000
Tommy Everidge,437.000,9.200,21.700,0.249,0.320,0.405,0.725,0.294,85.000
Tommy Field,494.000,8.300,15.400,0.246,0.315,0.400,0.715,0.279,84.000
Tommy Manzella,580.000,6.900,17.100,0.289,0.339,0.417,0.756,0.340,99.000
Tommy Pham,390.000,9.700,20.800,0.324,0.395,0.491,0.886,0.397,132.000
Tommy Watkins,402.000,9.700,15.700,0.272,0.349,0.404,0.753,0.310,109.000
Tony Abreu,493.941,4.501,15.577,0.306,0.341,0.458,0.799,0.346,98.916
Tony Campana,391.000,8.700,19.700,0.293,0.354,0.368,0.722,0.371,94.000
Tony Gwynn Jr.,456.711,7.818,15.226,0.289,0.345,0.366,0.712,0.339,87.993
Tony Kemp,554.000,6.300,7.800,0.329,0.375,0.470,0.845,0.344,121.000
Travis Denker,460.000,10.400,18.500,0.238,0.321,0.343,0.663,0.285,85.000
Travis Metcalf,482.774,8.823,18.761,0.255,0.322,0.404,0.727,0.297,86.380
Travis Taijeron,511.447,12.963,30.747,0.275,0.382,0.523,0.905,0.374,140.098
Trayce Thompson,417.000,5.500,18.900,0.260,0.304,0.441,0.744,0.295,114.000
Trayvon Robinson,435.629,9.522,27.315,0.262,0.335,0.448,0.784,0.339,94.992
Trent Oeltjen,501.168,6.606,18.027,0.313,0.367,0.498,0.865,0.370,120.530
Trevor Plouffe,461.555,6.617,17.148,0.252,0.307,0.418,0.725,0.281,95.517
Trey Mancini,536.000,9.000,22.900,0.280,0.349,0.427,0.775,0.351,124.000
Tsuyoshi Nishioka,431.000,7.400,12.300,0.258,0.315,0.324,0.639,0.293,78.000
Tug Hulett,476.805,12.461,18.358,0.272,0.365,0.438,0.803,0.318,109.927
Ty Kelly,496.362,14.009,15.263,0.247,0.355,0.361,0.717,0.282,96.331
Tyler Collins,526.000,9.300,22.100,0.263,0.335,0.423,0.758,0.310,108.000
Tyler Flowers,412.000,13.300,29.400,0.220,0.334,0.434,0.768,0.283,108.000
Tyler Graham,468.000,6.600,17.100,0.273,0.337,0.338,0.675,0.332,72.000
Tyler Henson,481.690,7.132,22.321,0.256,0.313,0.362,0.674,0.328,87.899
Tyler Holt,431.000,11.600,14.400,0.302,0.386,0.370,0.756,0.360,125.000
Tyler Kuhn,525.000,4.400,14.700,0.272,0.306,0.391,0.697,0.310,89.000
Tyler O'Neill,557.000,9.700,27.100,0.246,0.321,0.499,0.820,0.286,107.000
Tyler Smith,402.898,7.468,17.915,0.250,0.315,0.344,0.659,0.297,74.571
Tyler Wade,388.000,9.800,19.300,0.310,0.382,0.460,0.842,0.375,136.000
Tyler White,497.000,9.500,20.300,0.300,0.371,0.528,0.898,0.334,130.000
Tyrell Godwin,453.000,7.100,15.000,0.248,0.307,0.387,0.694,0.281,82.000
Victor Diaz,500.229,8.877,27.773,0.259,0.330,0.439,0.767,0.340,97.465
Vince Belnome,513.320,15.224,23.140,0.274,0.384,0.416,0.799,0.353,126.200
Vinnie Catricala,507.000,7.300,17.400,0.229,0.292,0.348,0.640,0.262,65.000
Vinny Rottino,441.274,8.702,14.986,0.302,0.371,0.443,0.814,0.340,113.612
Wayne Lydon,570.481,9.402,17.908,0.259,0.331,0.352,0.683,0.314,90.775
Wes Bankston,444.524,5.760,18.641,0.262,0.308,0.453,0.761,0.286,99.020
Wes Hodges,531.000,5.600,18.100,0.270,0.308,0.430,0.738,0.304,96.000
Whit Merrifield,594.000,6.600,11.100,0.265,0.317,0.364,0.681,0.292,81.000
Wil Myers,439.000,10.300,22.300,0.304,0.378,0.554,0.932,0.349,137.000
Wilfredo Tovar,448.494,6.677,13.888,0.251,0.303,0.340,0.642,0.286,75.907
Wilkin Castillo,468.000,5.300,12.600,0.248,0.297,0.341,0.638,0.273,60.000
Wilkin Ramirez,442.619,6.694,27.352,0.266,0.321,0.448,0.769,0.339,112.548
Will Rhymes,438.660,8.236,10.585,0.282,0.346,0.383,0.729,0.312,101.495
Will Venable,496.000,8.900,20.800,0.292,0.361,0.464,0.825,0.352,110.000
William Bergolla,427.974,6.198,10.999,0.292,0.338,0.390,0.729,0.320,95.319
Willie Calhoun,534.000,7.900,11.400,0.300,0.355,0.572,0.927,0.289,133.000
Willy Adames,578.000,11.200,22.800,0.277,0.360,0.415,0.776,0.354,119.000
Willy Garcia,499.000,6.200,26.300,0.245,0.293,0.366,0.659,0.326,87.000
Wilmer Flores,463.000,5.400,13.600,0.321,0.357,0.531,0.887,0.342,129.000
Wladimir Balentien,502.249,9.129,19.073,0.287,0.351,0.521,0.872,0.308,123.992
Xavier Avery,470.956,10.459,25.378,0.264,0.344,0.400,0.744,0.350,107.418
Xavier Paul,506.000,8.500,19.000,0.316,0.378,0.463,0.841,0.381,114.000
Xavier Scruggs,497.513,10.855,21.973,0.264,0.357,0.456,0.813,0.313,114.537
Yadiel Rivera,414.000,7.200,25.100,0.218,0.282,0.314,0.596,0.287,53.000
Yamaico Navarro,452.000,11.700,16.200,0.267,0.354,0.418,0.772,0.296,118.000
Yandy Diaz,416.000,11.300,16.800,0.325,0.399,0.461,0.860,0.381,149.000
Yangervis Solarte,572.535,6.998,9.867,0.282,0.331,0.404,0.736,0.294,90.984
Yonder Alonso,427.759,9.689,15.951,0.296,0.364,0.478,0.842,0.332,127.789
Yordany Ramirez,467.736,2.349,13.791,0.244,0.265,0.381,0.646,0.259,58.668
Yurendell de Caster,469.620,9.937,20.736,0.277,0.355,0.415,0.771,0.338,115.112
Zach Borenstein,414.872,9.541,29.243,0.276,0.344,0.510,0.853,0.362,118.643
Zach Lutz,466.000,11.600,21.900,0.293,0.377,0.479,0.856,0.357,126.000
Zach Shank,418.000,7.900,22.500,0.215,0.282,0.307,0.589,0.276,52.000
Zach Vincej,420.000,6.700,11.700,0.270,0.325,0.370,0.696,0.302,94.000
Zach Walters,521.000,3.800,25.700,0.253,0.286,0.517,0.803,0.285,117.000
Zack Cozart,610.000,6.600,17.500,0.255,0.310,0.416,0.726,0.286,94.000
Zoilo Almonte,454.000,6.400,23.100,0.261,0.311,0.437,0.748,0.307,103.000
